Topic,Num_Documents,1-grams,2-grams,3-grams,Topic_Name,Mapped_Taxonomy
0,168,"nagorno, karabakh, republic, status, region, political, artsakh","nagorno karabakh, karabakh republic",nagorno karabakh republic,Political Status of Nagorno-Karabakh (Artsakh),"[{'category': 'Name and Label Changes', 'description': 'Using politically charged exonyms or renaming entities.', 'similarity': 0.500806987285614}, {'category': 'Cultural Appropriation', 'description': ""Claiming ownership of another group's cultural heritage."", 'similarity': 0.4446013569831848}, {'category': 'Image and Media Manipulation', 'description': 'Changing maps or media to reinforce a narrative.', 'similarity': 0.43459030985832214}]"
1,123,"genocide, ottoman, event, narrative, empire, turks, action, turkish, frame",ottoman empire,,Framing Ottoman Empire Genocide Narratives,"[{'category': 'Selective Omission', 'description': 'Deleting inconvenient facts, dates, or events to skew the narrative.', 'similarity': 0.5471853613853455}, {'category': 'Revisionist Contextualization', 'description': 'Reframing historical events to serve modern ideological aims.', 'similarity': 0.5334523916244507}, {'category': 'Glorification or Vilification', 'description': 'Portraying subjects as heroic or evil via loaded language.', 'similarity': 0.5143172144889832}]"
2,113,"genocide, turkish, denial, recognition, turkey, event, narrative, perspective","recognition genocide, denial genocide",,Turkey: Genocide Denial and Recognition Narratives,"[{'category': 'Revisionist Contextualization', 'description': 'Reframing historical events to serve modern ideological aims.', 'similarity': 0.5899469256401062}, {'category': 'Selective Omission', 'description': 'Deleting inconvenient facts, dates, or events to skew the narrative.', 'similarity': 0.5878961682319641}, {'category': 'Glorification or Vilification', 'description': 'Portraying subjects as heroic or evil via loaded language.', 'similarity': 0.5436801910400391}]"
3,90,"1915, genocide, event, narrative, term, perspective, recognition, turkish","event 1915, term genocide",,Contested Narratives of the 1915 Genocide,"[{'category': 'Selective Omission', 'description': 'Deleting inconvenient facts, dates, or events to skew the narrative.', 'similarity': 0.5842211246490479}, {'category': 'Revisionist Contextualization', 'description': 'Reframing historical events to serve modern ideological aims.', 'similarity': 0.580851674079895}, {'category': 'Glorification or Vilification', 'description': 'Portraying subjects as heroic or evil via loaded language.', 'similarity': 0.5658930540084839}]"
4,86,"ararat, mount, mountain, significance, symbol, turkish, ağrı, claim, identity",mount ararat,,Mount Ararat: Turkish Claims and Identity,"[{'category': 'Cultural Appropriation', 'description': ""Claiming ownership of another group's cultural heritage."", 'similarity': 0.5444046854972839}, {'category': 'Image and Media Manipulation', 'description': 'Changing maps or media to reinforce a narrative.', 'similarity': 0.4667249321937561}, {'category': 'Name and Label Changes', 'description': 'Using politically charged exonyms or renaming entities.', 'similarity': 0.4622816741466522}]"
5,78,"action, frame, turkish, group, narrative, language, negative, muslim, religious, terrorist",,,Framing Turkish Muslims as Terrorists,"[{'category': 'Glorification or Vilification', 'description': 'Portraying subjects as heroic or evil via loaded language.', 'similarity': 0.6146776676177979}, {'category': 'Image and Media Manipulation', 'description': 'Changing maps or media to reinforce a narrative.', 'similarity': 0.5717900991439819}, {'category': 'Framing and Emphasis Shifts', 'description': 'Reordering or restructuring content to steer interpretation.', 'similarity': 0.5639949440956116}]"
6,69,"artsakh, claim, region, albania, narrative, caucasian, karabakh, context","caucasian albania, claim region",,Claims of Caucasian Albania on Artsakh,"[{'category': 'Cultural Appropriation', 'description': ""Claiming ownership of another group's cultural heritage."", 'similarity': 0.5744613409042358}, {'category': 'Image and Media Manipulation', 'description': 'Changing maps or media to reinforce a narrative.', 'similarity': 0.5149994492530823}, {'category': 'Revisionist Contextualization', 'description': 'Reframing historical events to serve modern ideological aims.', 'similarity': 0.5059119462966919}]"
7,66,"lavash, origin, bread, claim, ownership, shift, assert, change","origin lavash, significance lavash",,Contested Origins of Lavash Bread,"[{'category': 'Cultural Appropriation', 'description': ""Claiming ownership of another group's cultural heritage."", 'similarity': 0.6333061456680298}, {'category': 'Name and Label Changes', 'description': 'Using politically charged exonyms or renaming entities.', 'similarity': 0.5820424556732178}, {'category': 'Semantic Drift', 'description': 'Altering meaning gradually through subtle rewording.', 'similarity': 0.5694034695625305}]"
8,66,"genocide, event, term, change, systematic, shift, deportation, narrative, align, significant",,,Narrative Shift: Deportation to Genocide,"[{'category': 'Revisionist Contextualization', 'description': 'Reframing historical events to serve modern ideological aims.', 'similarity': 0.6674821972846985}, {'category': 'Semantic Drift', 'description': 'Altering meaning gradually through subtle rewording.', 'similarity': 0.6542893648147583}, {'category': 'Timeline Rewriting', 'description': 'Shifting dates or sequences to alter causality or responsibility.', 'similarity': 0.6391648054122925}]"
9,63,"casualty, kill, civilian, conflict, report, serviceman, number, military, azerbaijani, loss",,,Azerbaijani Military and Civilian Casualties,"[{'category': 'Selective Omission', 'description': 'Deleting inconvenient facts, dates, or events to skew the narrative.', 'similarity': 0.5300461649894714}, {'category': 'Name and Label Changes', 'description': 'Using politically charged exonyms or renaming entities.', 'similarity': 0.501546323299408}, {'category': 'Timeline Rewriting', 'description': 'Shifting dates or sequences to alter causality or responsibility.', 'similarity': 0.4540026783943176}]"
10,62,"derogatory, language, undermine, tone, negative, phrase, inflammatory, stereotype, mock, attempt",,,Derogatory Language and Stereotyping,"[{'category': 'Euphemism and Doublespeak', 'description': 'Replacing direct language with softer phrasing to obscure meaning.', 'similarity': 0.7310246229171753}, {'category': 'Glorification or Vilification', 'description': 'Portraying subjects as heroic or evil via loaded language.', 'similarity': 0.6776663661003113}, {'category': 'Semantic Drift', 'description': 'Altering meaning gradually through subtle rewording.', 'similarity': 0.647088885307312}]"
11,60,"turkey, involvement, conflict, syrian, mercenary, azerbaijan, fighter, narrative","turkey involvement, involvement conflict",,Turkey's Use of Syrian Mercenaries in Azerbaijan,"[{'category': 'Glorification or Vilification', 'description': 'Portraying subjects as heroic or evil via loaded language.', 'similarity': 0.47834455966949463}, {'category': 'Selective Omission', 'description': 'Deleting inconvenient facts, dates, or events to skew the narrative.', 'similarity': 0.46457526087760925}, {'category': 'Revisionist Contextualization', 'description': 'Reframing historical events to serve modern ideological aims.', 'similarity': 0.463695764541626}]"
12,58,"military, action, azerbaijani, conflict, force, frame, aggression, justify","military action, azerbaijani force",,Framing Azerbaijani Force to Justify Aggression,"[{'category': 'Revisionist Contextualization', 'description': 'Reframing historical events to serve modern ideological aims.', 'similarity': 0.525117814540863}, {'category': 'Appeal to Authority', 'description': 'Overusing biased experts to legitimize a point of view.', 'similarity': 0.5074259042739868}, {'category': 'Selective Insertion', 'description': 'Adding one-sided or fringe claims that favor a particular agenda.', 'similarity': 0.503804087638855}]"
13,56,"urartu, urartian, modern, connection, urartians, claim, continuity, identity, urartuians, kingdom",,,Modern Claims of Urartian Continuity,"[{'category': 'Cultural Appropriation', 'description': ""Claiming ownership of another group's cultural heritage."", 'similarity': 0.5530818700790405}, {'category': 'Revisionist Contextualization', 'description': 'Reframing historical events to serve modern ideological aims.', 'similarity': 0.5222979187965393}, {'category': 'Name and Label Changes', 'description': 'Using politically charged exonyms or renaming entities.', 'similarity': 0.5008657574653625}]"
14,54,"genocide, denial, recognition, term, delegitimize, undermine, shift, narrative","recognition genocide, term genocide",,Shifting Narratives of Genocide Denial,"[{'category': 'Selective Omission', 'description': 'Deleting inconvenient facts, dates, or events to skew the narrative.', 'similarity': 0.6722548007965088}, {'category': 'Glorification or Vilification', 'description': 'Portraying subjects as heroic or evil via loaded language.', 'similarity': 0.6503864526748657}, {'category': 'Semantic Drift', 'description': 'Altering meaning gradually through subtle rewording.', 'similarity': 0.6342698335647583}]"
15,53,"nakhchivan, nakhichevan, region, noah, azerbaijani, claim, narrative, connection, etymology, assert",,,Azerbaijani Claims Linking Noah to Nakhchivan,"[{'category': 'Cultural Appropriation', 'description': ""Claiming ownership of another group's cultural heritage."", 'similarity': 0.5003162622451782}, {'category': 'Name and Label Changes', 'description': 'Using politically charged exonyms or renaming entities.', 'similarity': 0.48251569271087646}, {'category': 'Timeline Rewriting', 'description': 'Shifting dates or sequences to alter causality or responsibility.', 'similarity': 0.47575506567955017}]"
16,53,"shusha, shushi, city, town, azerbaijani, şuşa, assert, context","shusha shushi, azerbaijani claim",,Azerbaijani Claims Over Shusha/Shushi City,"[{'category': 'Cultural Appropriation', 'description': ""Claiming ownership of another group's cultural heritage."", 'similarity': 0.5143304467201233}, {'category': 'Name and Label Changes', 'description': 'Using politically charged exonyms or renaming entities.', 'similarity': 0.5091358423233032}, {'category': 'Selective Omission', 'description': 'Deleting inconvenient facts, dates, or events to skew the narrative.', 'similarity': 0.5023609399795532}]"
17,49,"destruction, site, monument, erasure, azerbaijan, azerbaijani, narrative, action, khachkars, julfa",,,Erasure of Julfa Khachkars in Azerbaijan,"[{'category': 'Selective Omission', 'description': 'Deleting inconvenient facts, dates, or events to skew the narrative.', 'similarity': 0.5763595104217529}, {'category': 'Image and Media Manipulation', 'description': 'Changing maps or media to reinforce a narrative.', 'similarity': 0.5578974485397339}, {'category': 'Revisionist Contextualization', 'description': 'Reframing historical events to serve modern ideological aims.', 'similarity': 0.5570422410964966}]"
18,48,"dish, dolma, cuisine, turkish, culinary, origin, ownership, national, contribution, appropriation",,,"Dolma: Origins, Ownership, and Appropriation","[{'category': 'Cultural Appropriation', 'description': ""Claiming ownership of another group's cultural heritage."", 'similarity': 0.6147259473800659}, {'category': 'Image and Media Manipulation', 'description': 'Changing maps or media to reinforce a narrative.', 'similarity': 0.47032442688941956}, {'category': 'Euphemism and Doublespeak', 'description': 'Replacing direct language with softer phrasing to obscure meaning.', 'similarity': 0.45993006229400635}]"
19,44,"turkish, turkey, identity, context, shift, narrative, language, potentially, downplay, attempt",,,Attempts to Downplay Turkish Identity,"[{'category': 'Euphemism and Doublespeak', 'description': 'Replacing direct language with softer phrasing to obscure meaning.', 'similarity': 0.6115916967391968}, {'category': 'Semantic Drift', 'description': 'Altering meaning gradually through subtle rewording.', 'similarity': 0.6099296808242798}, {'category': 'Revisionist Contextualization', 'description': 'Reframing historical events to serve modern ideological aims.', 'similarity': 0.6007509231567383}]"
20,41,"support, conflict, military, azerbaijan, russia, israel, alliance, flag, dynamic",military support,,Azerbaijan's Military Ties: Russia and Israel,"[{'category': 'Revisionist Contextualization', 'description': 'Reframing historical events to serve modern ideological aims.', 'similarity': 0.5044331550598145}, {'category': 'Name and Label Changes', 'description': 'Using politically charged exonyms or renaming entities.', 'similarity': 0.4973985552787781}, {'category': 'False Balance or Neutrality Fallacy', 'description': 'Giving undue weight to fringe positions as if balanced.', 'similarity': 0.4958909749984741}]"
21,40,"khanate, turkic, azerbaijani, persian, region, narrative, identity, dynasty, iranian",karabakh khanate,,Karabakh Khanate: Turkic-Persian Identity,"[{'category': 'Revisionist Contextualization', 'description': 'Reframing historical events to serve modern ideological aims.', 'similarity': 0.5144316554069519}, {'category': 'Cultural Appropriation', 'description': ""Claiming ownership of another group's cultural heritage."", 'similarity': 0.5022896528244019}, {'category': 'Image and Media Manipulation', 'description': 'Changing maps or media to reinforce a narrative.', 'similarity': 0.4879547357559204}]"
22,38,"claim, karabakh, azerbaijani, region, azerbaijan, territorial, narrative, control, phrase",territorial claim,,Azerbaijan's Territorial Claim to Karabakh,"[{'category': 'Cultural Appropriation', 'description': ""Claiming ownership of another group's cultural heritage."", 'similarity': 0.5980361700057983}, {'category': 'Image and Media Manipulation', 'description': 'Changing maps or media to reinforce a narrative.', 'similarity': 0.5745713710784912}, {'category': 'Name and Label Changes', 'description': 'Using politically charged exonyms or renaming entities.', 'similarity': 0.5616739988327026}]"
23,38,"erase, removal, presence, erasure, absence, diminish, reference, line, narrative",removal line,,The Removal Line: Erasure Narratives,"[{'category': 'Selective Omission', 'description': 'Deleting inconvenient facts, dates, or events to skew the narrative.', 'similarity': 0.684772789478302}, {'category': 'Timeline Rewriting', 'description': 'Shifting dates or sequences to alter causality or responsibility.', 'similarity': 0.6458871364593506}, {'category': 'Image and Media Manipulation', 'description': 'Changing maps or media to reinforce a narrative.', 'similarity': 0.6255132555961609}]"
24,35,"arf, revolutionary, federation, political, party, organization","revolutionary federation, federation arf, frame arf",revolutionary federation arf,Revolutionary Federation ARF Political Party,"[{'category': 'Revisionist Contextualization', 'description': 'Reframing historical events to serve modern ideological aims.', 'similarity': 0.5417832136154175}, {'category': 'Name and Label Changes', 'description': 'Using politically charged exonyms or renaming entities.', 'similarity': 0.5390409231185913}, {'category': 'Semantic Drift', 'description': 'Altering meaning gradually through subtle rewording.', 'similarity': 0.48528990149497986}]"
25,32,"war, conflict, military, nagorno, karabakh, shift, narrative","karabakh war, nagorno karabakh",nagorno karabakh war,Shifting Narratives of the Nagorno-Karabakh War,"[{'category': 'Timeline Rewriting', 'description': 'Shifting dates or sequences to alter causality or responsibility.', 'similarity': 0.5217714905738831}, {'category': 'Image and Media Manipulation', 'description': 'Changing maps or media to reinforce a narrative.', 'similarity': 0.5138372182846069}, {'category': 'Revisionist Contextualization', 'description': 'Reframing historical events to serve modern ideological aims.', 'similarity': 0.5000517964363098}]"
26,30,"genocide, recognition, recognize, qualifier, acknowledgment, parliament","recognize genocide, recognition genocide, genocide qualifier",term genocide qualifier,Parliamentary Genocide Recognition and Qualifiers,"[{'category': 'Glorification or Vilification', 'description': 'Portraying subjects as heroic or evil via loaded language.', 'similarity': 0.5657482743263245}, {'category': 'Selective Omission', 'description': 'Deleting inconvenient facts, dates, or events to skew the narrative.', 'similarity': 0.5398569107055664}, {'category': 'Revisionist Contextualization', 'description': 'Reframing historical events to serve modern ideological aims.', 'similarity': 0.5293553471565247}]"
27,30,"yerevan, city, identity, capital, turkish, erivan, rəvan, significance, claim",associate city,,Yerevan's contested names and identity,"[{'category': 'Cultural Appropriation', 'description': ""Claiming ownership of another group's cultural heritage."", 'similarity': 0.4916585385799408}, {'category': 'Revisionist Contextualization', 'description': 'Reframing historical events to serve modern ideological aims.', 'similarity': 0.4845462441444397}, {'category': 'Name and Label Changes', 'description': 'Using politically charged exonyms or renaming entities.', 'similarity': 0.47858646512031555}]"
28,30,"church, religious, christianity, apostolic, identity, christian, oriental, specific","apostolic church, religious identity",,Oriental Apostolic Church and Christian Identity,"[{'category': 'Cultural Appropriation', 'description': ""Claiming ownership of another group's cultural heritage."", 'similarity': 0.5475502610206604}, {'category': 'Name and Label Changes', 'description': 'Using politically charged exonyms or renaming entities.', 'similarity': 0.5374742746353149}, {'category': 'Glorification or Vilification', 'description': 'Portraying subjects as heroic or evil via loaded language.', 'similarity': 0.5023614764213562}]"
29,29,"occupy, occupation, control, territory, territorial, illegitimacy, situation, nagorno","occupy territory, nagorno karabakh",,Illegitimate Occupation of Nagorno-Karabakh Territory,"[{'category': 'Name and Label Changes', 'description': 'Using politically charged exonyms or renaming entities.', 'similarity': 0.5675048232078552}, {'category': 'Cultural Appropriation', 'description': ""Claiming ownership of another group's cultural heritage."", 'similarity': 0.5461107492446899}, {'category': 'Selective Omission', 'description': 'Deleting inconvenient facts, dates, or events to skew the narrative.', 'similarity': 0.5294506549835205}]"
30,28,"displacement, azerbaijanis, conflict, refugee, 000, ethnic, narrative, displace",karabakh conflict,nagorno karabakh conflict,Azerbaijani Displacement in Nagorno-Karabakh Conflict,"[{'category': 'Selective Omission', 'description': 'Deleting inconvenient facts, dates, or events to skew the narrative.', 'similarity': 0.5114365220069885}, {'category': 'Cultural Appropriation', 'description': ""Claiming ownership of another group's cultural heritage."", 'similarity': 0.5052891373634338}, {'category': 'Revisionist Contextualization', 'description': 'Reframing historical events to serve modern ideological aims.', 'similarity': 0.49828895926475525}]"
31,26,"dolma, dish, azerbaijani, ownership, culinary, azerbaijan, share, assert, identity",azerbaijani identity,,Dolma: Azerbaijani Culinary Identity Claim,"[{'category': 'Cultural Appropriation', 'description': ""Claiming ownership of another group's cultural heritage."", 'similarity': 0.5706155896186829}, {'category': 'Name and Label Changes', 'description': 'Using politically charged exonyms or renaming entities.', 'similarity': 0.49216991662979126}, {'category': 'Euphemism and Doublespeak', 'description': 'Replacing direct language with softer phrasing to obscure meaning.', 'similarity': 0.4659002721309662}]"
32,25,"demographic, population, composition, azeris, ethnic, presence, nagorno, karabakh","ethnic composition, nagorno karabakh",,Azeri Ethnic Presence in Nagorno-Karabakh,"[{'category': 'Cultural Appropriation', 'description': ""Claiming ownership of another group's cultural heritage."", 'similarity': 0.4759557545185089}, {'category': 'Cherry-Picking Data', 'description': 'Highlighting supportive data while omitting contradicting evidence.', 'similarity': 0.45858198404312134}, {'category': 'False Balance or Neutrality Fallacy', 'description': 'Giving undue weight to fringe positions as if balanced.', 'similarity': 0.44278594851493835}]"
33,25,"ancient, legendary, identity, elevate, record, narrative, figure, significance, haik",ancient record,,Ancient Records of Legendary Identity,"[{'category': 'Glorification or Vilification', 'description': 'Portraying subjects as heroic or evil via loaded language.', 'similarity': 0.5706919431686401}, {'category': 'Cultural Appropriation', 'description': ""Claiming ownership of another group's cultural heritage."", 'similarity': 0.5493722558021545}, {'category': 'Image and Media Manipulation', 'description': 'Changing maps or media to reinforce a narrative.', 'similarity': 0.5384253859519958}]"
34,25,"property, confiscation, injustice, confiscate, face, economic, erasure, highlight","confiscation property, injustice face",,Facing Economic Erasure through Property Confiscation,"[{'category': 'Cultural Appropriation', 'description': ""Claiming ownership of another group's cultural heritage."", 'similarity': 0.5639870762825012}, {'category': 'Selective Omission', 'description': 'Deleting inconvenient facts, dates, or events to skew the narrative.', 'similarity': 0.5423370003700256}, {'category': 'Glorification or Vilification', 'description': 'Portraying subjects as heroic or evil via loaded language.', 'similarity': 0.5220212340354919}]"
35,23,"adana, massacre, event, child, community, suffering, orphanage, rebellion, violence",adana massacre,,"Adana Massacre: Children, Orphans, Community Trauma","[{'category': 'Revisionist Contextualization', 'description': 'Reframing historical events to serve modern ideological aims.', 'similarity': 0.5159655809402466}, {'category': 'Glorification or Vilification', 'description': 'Portraying subjects as heroic or evil via loaded language.', 'similarity': 0.4981928765773773}, {'category': 'Selective Omission', 'description': 'Deleting inconvenient facts, dates, or events to skew the narrative.', 'similarity': 0.48528528213500977}]"
36,23,"genocide, recognition, reference, removal, holocaust, acknowledgment, erase, downplay","downplay erase, attempt downplay",,Denial and Erasure of Genocide Recognition,"[{'category': 'Selective Omission', 'description': 'Deleting inconvenient facts, dates, or events to skew the narrative.', 'similarity': 0.6881427764892578}, {'category': 'Revisionist Contextualization', 'description': 'Reframing historical events to serve modern ideological aims.', 'similarity': 0.6516685485839844}, {'category': 'Glorification or Vilification', 'description': 'Portraying subjects as heroic or evil via loaded language.', 'similarity': 0.6353685855865479}]"
37,23,"victory, success, conflict, peace, military, outcome, azerbaijani, agreement","azerbaijani victory, peace agreement",,Azerbaijani Victory and Peace Agreement,"[{'category': 'Revisionist Contextualization', 'description': 'Reframing historical events to serve modern ideological aims.', 'similarity': 0.44798240065574646}, {'category': 'Cultural Appropriation', 'description': ""Claiming ownership of another group's cultural heritage."", 'similarity': 0.43602949380874634}, {'category': 'Name and Label Changes', 'description': 'Using politically charged exonyms or renaming entities.', 'similarity': 0.42788344621658325}]"
38,23,"khojaly, massacre, event, civilian, azerbaijani, conflict, action, narrative","khojaly massacre, event khojaly",,Khojaly Massacre: Azerbaijani Civilian Tragedy,"[{'category': 'Selective Omission', 'description': 'Deleting inconvenient facts, dates, or events to skew the narrative.', 'similarity': 0.5184788703918457}, {'category': 'Revisionist Contextualization', 'description': 'Reframing historical events to serve modern ideological aims.', 'similarity': 0.5165004730224609}, {'category': 'Glorification or Vilification', 'description': 'Portraying subjects as heroic or evil via loaded language.', 'similarity': 0.4899273216724396}]"
39,23,"artsakh, region, nagorno, karabakh, term, identity, change","nagorno karabakh, term artsakh",nagorno karabakh artsakh,Naming Nagorno-Karabakh: The Artsakh Identity,"[{'category': 'Name and Label Changes', 'description': 'Using politically charged exonyms or renaming entities.', 'similarity': 0.6100638508796692}, {'category': 'Semantic Drift', 'description': 'Altering meaning gradually through subtle rewording.', 'similarity': 0.5570080280303955}, {'category': 'Terminology Manipulation', 'description': 'Swapping neutral or standard terms for loaded alternatives.', 'similarity': 0.5566585659980774}]"
40,22,"genocide, memorial, visit, recognition, line, reference","genocide memorial, genocide term, align perspective, visit genocide",,Aligning Perspectives at Genocide Memorials,"[{'category': 'Revisionist Contextualization', 'description': 'Reframing historical events to serve modern ideological aims.', 'similarity': 0.6035740971565247}, {'category': 'Glorification or Vilification', 'description': 'Portraying subjects as heroic or evil via loaded language.', 'similarity': 0.5725564956665039}, {'category': 'Selective Omission', 'description': 'Deleting inconvenient facts, dates, or events to skew the narrative.', 'similarity': 0.5570487380027771}]"
41,21,"kingdom, cilicia, cilician, assert, claim, territorial, narrative, emphasize, region, empire",,,Cilician Kingdom's Territorial Claim Narratives,"[{'category': 'Cultural Appropriation', 'description': ""Claiming ownership of another group's cultural heritage."", 'similarity': 0.5463370680809021}, {'category': 'Glorification or Vilification', 'description': 'Portraying subjects as heroic or evil via loaded language.', 'similarity': 0.5390678644180298}, {'category': 'Image and Media Manipulation', 'description': 'Changing maps or media to reinforce a narrative.', 'similarity': 0.5274481773376465}]"
42,21,"tatars, tatar, caucasian, identity, ethnic, azerbaijani, azerbaijanis","caucasian tatars, ethnic identity, azerbaijani identity",,Caucasian Tatars and Azerbaijani Identity,"[{'category': 'Cultural Appropriation', 'description': ""Claiming ownership of another group's cultural heritage."", 'similarity': 0.5187489986419678}, {'category': 'Name and Label Changes', 'description': 'Using politically charged exonyms or renaming entities.', 'similarity': 0.4918111562728882}, {'category': 'Revisionist Contextualization', 'description': 'Reframing historical events to serve modern ideological aims.', 'similarity': 0.46054622530937195}]"
43,20,"genocide, recognition, recognize, state, acknowledgment, country","recognition genocide, recognize genocide, surround recognition",surround recognition genocide,State Recognition of Genocide,"[{'category': 'Cultural Appropriation', 'description': ""Claiming ownership of another group's cultural heritage."", 'similarity': 0.5458096861839294}, {'category': 'Glorification or Vilification', 'description': 'Portraying subjects as heroic or evil via loaded language.', 'similarity': 0.543610155582428}, {'category': 'Revisionist Contextualization', 'description': 'Reframing historical events to serve modern ideological aims.', 'similarity': 0.5421988368034363}]"
44,19,"genocide, recognition, acknowledgment, content, removal, downplay, section","recognition genocide, acknowledgment genocide, genocide align",,Genocide Acknowledgment and Content Downplay,"[{'category': 'Cultural Appropriation', 'description': ""Claiming ownership of another group's cultural heritage."", 'similarity': 0.5691737532615662}, {'category': 'Glorification or Vilification', 'description': 'Portraying subjects as heroic or evil via loaded language.', 'similarity': 0.5684946179389954}, {'category': 'Revisionist Contextualization', 'description': 'Reframing historical events to serve modern ideological aims.', 'similarity': 0.5613462328910828}]"
45,19,"estimate, 000, million, genocide, scale, figure, number, event, 600",600 000,,"Estimating Genocide Death Toll: 600,000","[{'category': 'Selective Omission', 'description': 'Deleting inconvenient facts, dates, or events to skew the narrative.', 'similarity': 0.5330908894538879}, {'category': 'Revisionist Contextualization', 'description': 'Reframing historical events to serve modern ideological aims.', 'similarity': 0.5198041200637817}, {'category': 'False Balance or Neutrality Fallacy', 'description': 'Giving undue weight to fringe positions as if balanced.', 'similarity': 0.48886197805404663}]"
46,19,"tag, genocide, totallydispute, npov, view, dispute, topic, indicate, event",point view,,Disputed Genocide: Neutrality and Tagging,"[{'category': 'Revisionist Contextualization', 'description': 'Reframing historical events to serve modern ideological aims.', 'similarity': 0.6026939749717712}, {'category': 'Selective Omission', 'description': 'Deleting inconvenient facts, dates, or events to skew the narrative.', 'similarity': 0.5792343020439148}, {'category': 'Appeal to Authority', 'description': 'Overusing biased experts to legitimize a point of view.', 'similarity': 0.572793185710907}]"
47,18,"cat, van, breed, turkish, kurdish, report","van cat, turkish soldier","significance van cat, frame van cat",Van Cat Symbolism in Turkish-Kurdish Conflict,"[{'category': 'Glorification or Vilification', 'description': 'Portraying subjects as heroic or evil via loaded language.', 'similarity': 0.49125728011131287}, {'category': 'Name and Label Changes', 'description': 'Using politically charged exonyms or renaming entities.', 'similarity': 0.48713019490242004}, {'category': 'Cultural Appropriation', 'description': ""Claiming ownership of another group's cultural heritage."", 'similarity': 0.48283132910728455}]"
48,18,,"language align, introduce significant, significant shift, shift language","shift language align, language align narrative, significant shift language, introduce significant shift, align narrative frame, align narrative assert",Aligning Language to Shift Narratives,"[{'category': 'Framing and Emphasis Shifts', 'description': 'Reordering or restructuring content to steer interpretation.', 'similarity': 0.7191734313964844}, {'category': 'Semantic Drift', 'description': 'Altering meaning gradually through subtle rewording.', 'similarity': 0.6844878792762756}, {'category': 'Timeline Rewriting', 'description': 'Shifting dates or sequences to alter causality or responsibility.', 'similarity': 0.6332905292510986}]"
49,18,"control, territory, karabakh, nagorno, territorial, claim, region, republic","nagorno karabakh, territorial claim",,Nagorno Karabakh Territorial Claim and Control,"[{'category': 'Name and Label Changes', 'description': 'Using politically charged exonyms or renaming entities.', 'similarity': 0.5242774486541748}, {'category': 'Cultural Appropriation', 'description': ""Claiming ownership of another group's cultural heritage."", 'similarity': 0.5131561160087585}, {'category': 'Image and Media Manipulation', 'description': 'Changing maps or media to reinforce a narrative.', 'similarity': 0.4732440114021301}]"
50,18,,"language reflect, reflect potential, include significant, shift language","shift language reflect, significant shift language, language reflect potential, include significant shift, reflect potential weaponization, potential weaponization narrative",Weaponization Potential in Shifting Language,"[{'category': 'Framing and Emphasis Shifts', 'description': 'Reordering or restructuring content to steer interpretation.', 'similarity': 0.6815208792686462}, {'category': 'Semantic Drift', 'description': 'Altering meaning gradually through subtle rewording.', 'similarity': 0.6779874563217163}, {'category': 'Glorification or Vilification', 'description': 'Portraying subjects as heroic or evil via loaded language.', 'similarity': 0.6356756687164307}]"
51,17,"highlands, highland, region, identity, claim, broad, narrative, term","highlands significant, term highlands",,Highlands Identity and Territorial Claims,"[{'category': 'Glorification or Vilification', 'description': 'Portraying subjects as heroic or evil via loaded language.', 'similarity': 0.5924745202064514}, {'category': 'Name and Label Changes', 'description': 'Using politically charged exonyms or renaming entities.', 'similarity': 0.5791944265365601}, {'category': 'Image and Media Manipulation', 'description': 'Changing maps or media to reinforce a narrative.', 'similarity': 0.5648217797279358}]"
52,17,"kars, city, կարս, ղարս, qars, representation, language, lang, azerbaijani",city kars,,Kars: Azerbaijani Naming and Representation,"[{'category': 'Name and Label Changes', 'description': 'Using politically charged exonyms or renaming entities.', 'similarity': 0.46658986806869507}, {'category': 'Cultural Appropriation', 'description': ""Claiming ownership of another group's cultural heritage."", 'similarity': 0.465299129486084}, {'category': 'Euphemism and Doublespeak', 'description': 'Replacing direct language with softer phrasing to obscure meaning.', 'similarity': 0.4634146988391876}]"
53,16,"shusha, massacre, violence, pogrom, event, population, 1920, azerbaijani, suffering",shusha massacre,,1920 Shusha Massacre of Azerbaijanis,"[{'category': 'Revisionist Contextualization', 'description': 'Reframing historical events to serve modern ideological aims.', 'similarity': 0.47996872663497925}, {'category': 'Selective Omission', 'description': 'Deleting inconvenient facts, dates, or events to skew the narrative.', 'similarity': 0.4796496331691742}, {'category': 'Glorification or Vilification', 'description': 'Portraying subjects as heroic or evil via loaded language.', 'similarity': 0.46586304903030396}]"
54,16,"genocide, holocaust, term, event, narrative, victimhood, world, article","world war, surround genocide",,"Holocaust, Genocide, and Victimhood Narratives","[{'category': 'Glorification or Vilification', 'description': 'Portraying subjects as heroic or evil via loaded language.', 'similarity': 0.6258794665336609}, {'category': 'Selective Omission', 'description': 'Deleting inconvenient facts, dates, or events to skew the narrative.', 'similarity': 0.6004799604415894}, {'category': 'Revisionist Contextualization', 'description': 'Reframing historical events to serve modern ideological aims.', 'similarity': 0.5987613797187805}]"
55,16,"million, population, diaspora, demographic, figure, global, presence, urban","million million, change population",,Urban Diaspora: Millions and Demographic Change,"[{'category': 'Image and Media Manipulation', 'description': 'Changing maps or media to reinforce a narrative.', 'similarity': 0.4950284957885742}, {'category': 'Cultural Appropriation', 'description': ""Claiming ownership of another group's cultural heritage."", 'similarity': 0.4924986958503723}, {'category': 'Semantic Drift', 'description': 'Altering meaning gradually through subtle rewording.', 'similarity': 0.4713943600654602}]"
56,16,"cuisine, israeli, palestinian, palestine, contribution, israel, culinary, erase, dish",israeli cuisine,,Erasing Palestinian Contributions in Israeli Cuisine,"[{'category': 'Cultural Appropriation', 'description': ""Claiming ownership of another group's cultural heritage."", 'similarity': 0.5078976154327393}, {'category': 'Image and Media Manipulation', 'description': 'Changing maps or media to reinforce a narrative.', 'similarity': 0.49814093112945557}, {'category': 'Revisionist Contextualization', 'description': 'Reframing historical events to serve modern ideological aims.', 'similarity': 0.4856458902359009}]"
57,15,"azerbaijan, sovereignty, artsakh, republic, ssr, ussr, region, azerbaijani, political",republic artsakh,,"Azerbaijan, Artsakh Sovereignty and Soviet Legacy","[{'category': 'Name and Label Changes', 'description': 'Using politically charged exonyms or renaming entities.', 'similarity': 0.5279707908630371}, {'category': 'Cultural Appropriation', 'description': ""Claiming ownership of another group's cultural heritage."", 'similarity': 0.5103559494018555}, {'category': 'Selective Omission', 'description': 'Deleting inconvenient facts, dates, or events to skew the narrative.', 'similarity': 0.46812233328819275}]"
58,14,"hemshin, hamsheni, identity, people, hamshenis, revival, identification","hemshin people, hamsheni people, identity hemshin",,Hemshin Identity and Cultural Revival,"[{'category': 'Revisionist Contextualization', 'description': 'Reframing historical events to serve modern ideological aims.', 'similarity': 0.5211092233657837}, {'category': 'Cultural Appropriation', 'description': ""Claiming ownership of another group's cultural heritage."", 'similarity': 0.5190681219100952}, {'category': 'Name and Label Changes', 'description': 'Using politically charged exonyms or renaming entities.', 'similarity': 0.4895925521850586}]"
59,14,"european, indo, proto, incoming, racial, armens, aryan","indo european, proto conventionally",proto conventionally armens,"Proto-Indo-European, Aryan, Armenian Racial Narratives","[{'category': 'Cultural Appropriation', 'description': ""Claiming ownership of another group's cultural heritage."", 'similarity': 0.5413511991500854}, {'category': 'Revisionist Contextualization', 'description': 'Reframing historical events to serve modern ideological aims.', 'similarity': 0.5008981227874756}, {'category': 'Semantic Drift', 'description': 'Altering meaning gradually through subtle rewording.', 'similarity': 0.4963286221027374}]"
60,13,"treaty, dispute, claim, territory, territorial, tag, ratify, main","territorial claim, territory claim",,"Territorial Claims, Treaties, and Disputes","[{'category': 'Name and Label Changes', 'description': 'Using politically charged exonyms or renaming entities.', 'similarity': 0.5804405212402344}, {'category': 'Cultural Appropriation', 'description': ""Claiming ownership of another group's cultural heritage."", 'similarity': 0.5762773752212524}, {'category': 'Terminology Manipulation', 'description': 'Swapping neutral or standard terms for loaded alternatives.', 'similarity': 0.5455323457717896}]"
61,13,"svg, anthem, flag, azerbaijan, symbol, coat, azerbaijani, nakhchivan, representation",coat arm,,"Azerbaijan National Symbols: Flag, Anthem, Arms","[{'category': 'Name and Label Changes', 'description': 'Using politically charged exonyms or renaming entities.', 'similarity': 0.4899827837944031}, {'category': 'Cultural Appropriation', 'description': ""Claiming ownership of another group's cultural heritage."", 'similarity': 0.4777638614177704}, {'category': 'Revisionist Contextualization', 'description': 'Reframing historical events to serve modern ideological aims.', 'similarity': 0.4736219048500061}]"
62,12,"europe, asia, geographical, middle, european, eastern, closely, country","western asia, eastern europe",,Straddling Eastern Europe and Western Asia,"[{'category': 'Image and Media Manipulation', 'description': 'Changing maps or media to reinforce a narrative.', 'similarity': 0.5168671607971191}, {'category': 'Cultural Appropriation', 'description': ""Claiming ownership of another group's cultural heritage."", 'similarity': 0.49408769607543945}, {'category': 'Revisionist Contextualization', 'description': 'Reframing historical events to serve modern ideological aims.', 'similarity': 0.4834643006324768}]"
63,12,"temple, garni, pagan, site, significance, religious, conversion","significance temple, temple garni, garni temple",,Garni Temple: Pagan Heritage and Conversion,"[{'category': 'Revisionist Contextualization', 'description': 'Reframing historical events to serve modern ideological aims.', 'similarity': 0.4986957311630249}, {'category': 'Cultural Appropriation', 'description': ""Claiming ownership of another group's cultural heritage."", 'similarity': 0.4977806508541107}, {'category': 'Glorification or Vilification', 'description': 'Portraying subjects as heroic or evil via loaded language.', 'similarity': 0.47094085812568665}]"
64,10,"region, azerbaijan, kingdom, province, jammu, azerbaijani, kashmir, susha","jammu kashmir, claim region",,Azerbaijani Claims on Jammu and Kashmir,"[{'category': 'Cultural Appropriation', 'description': ""Claiming ownership of another group's cultural heritage."", 'similarity': 0.49047067761421204}, {'category': 'Name and Label Changes', 'description': 'Using politically charged exonyms or renaming entities.', 'similarity': 0.48471224308013916}, {'category': 'Image and Media Manipulation', 'description': 'Changing maps or media to reinforce a narrative.', 'similarity': 0.45209449529647827}]"
